hood,distance,time
up,3.74,1.39833333333333
up,3.72,1.0775
up,2.84,0.971111111111111
down,2.04,0.95
down,1.6,0.8625
down,2.84,1.01166666666667
up,3.97,1.12777777777778
up,4.91,1.3725
up,5.99,1.62666666666667
down,2.45,1.06611111111111
